vessel,begin_date,end_date,begin_port_id,end_port_id
1,2019-01-01 02:47:00,2019-01-17 04:14:00,138,102.0
1,2019-01-17 04:14:00,2019-01-17 13:56:00,102,102.0
1,2019-01-17 13:56:00,2019-02-04 07:57:00,102,138.0
1,2019-02-04 07:57:00,2019-02-05 07:45:00,138,138.0
1,2019-02-05 07:45:00,2019-02-09 07:48:00,138,138.0
1,2019-02-09 07:48:00,2019-03-01 16:54:00,138,33.0
1,2019-03-01 16:54:00,2019-03-01 22:54:00,33,33.0
1,2019-03-01 22:54:00,2019-09-16 05:17:10,33,138.0
2,2019-01-12 16:54:00,2019-01-29 16:56:00,13,104.0
2,2019-01-29 16:56:00,2019-02-13 10:57:00,104,13.0
2,2019-02-13 10:57:00,2019-03-10 03:54:00,13,19.0
2,2019-03-10 03:54:00,2019-03-15 18:53:00,19,10.0
2,2019-03-15 18:53:00,2019-04-23 13:29:35,10,138.0
2,2019-04-23 13:29:35,2019-04-23 16:29:32,138,138.0
2,2019-04-23 16:29:32,2019-05-21 20:43:12,138,134.0
2,2019-05-21 20:43:12,2019-06-19 05:41:31,134,10.0
2,2019-06-19 05:41:31,2019-07-24 17:42:34,10,36.0
2,2019-07-24 17:42:34,2019-08-08 14:36:19,36,97.0
2,2019-08-08 14:36:19,2019-08-09 02:20:15,97,97.0
2,2019-08-09 02:20:15,2019-08-26 17:06:44,97,134.0
2,2019-08-26 17:06:44,2019-08-26 23:32:48,134,134.0
2,2019-08-26 23:32:48,2019-08-27 11:24:55,134,134.0
2,2019-08-27 11:24:55,2019-08-27 13:02:55,134,134.0
2,2019-08-27 13:02:55,2019-11-10 05:31:35,134,138.0
2,2019-11-10 05:31:35,2019-11-16 18:55:36,138,19.0
2,2019-11-16 18:55:36,2019-11-18 14:33:45,19,19.0
2,2019-11-18 14:33:45,2019-11-29 17:28:17,19,134.0
3,2019-01-02 02:58:00,2019-01-23 11:54:00,142,104.0
3,2019-01-23 11:54:00,2019-01-24 22:40:00,104,104.0
3,2019-01-24 22:40:00,2019-02-15 07:47:00,104,76.0
3,2019-02-15 07:47:00,2019-03-05 19:48:00,76,32.0
3,2019-03-05 19:48:00,2019-03-18 15:58:00,32,74.0
3,2019-03-18 15:58:00,2019-05-23 08:47:57,74,138.0
3,2019-05-23 08:47:57,2019-05-23 13:31:56,138,138.0
3,2019-05-23 13:31:56,2019-05-31 10:51:22,138,83.0
3,2019-05-31 10:51:22,2019-06-05 05:52:08,83,138.0
3,2019-06-05 05:52:08,2019-06-05 11:55:14,138,138.0
3,2019-06-05 11:55:14,2019-06-24 04:23:41,138,84.0
3,2019-06-24 04:23:41,2019-08-04 04:26:09,84,35.0
3,2019-08-04 04:26:09,2019-10-01 05:53:22,35,120.0
3,2019-10-01 05:53:22,2019-10-01 08:41:33,120,120.0
3,2019-10-01 08:41:33,2019-10-16 02:52:55,120,165.0
3,2019-10-16 02:52:55,2019-10-16 16:31:02,165,165.0
4,2019-02-21 04:39:00,2019-03-10 06:00:00,7,104.0
4,2019-03-10 06:00:00,2019-03-11 12:47:00,104,104.0
4,2019-03-11 12:47:00,2019-03-27 06:41:00,104,13.0
4,2019-03-27 06:41:00,2019-04-25 01:14:55,13,138.0
4,2019-04-25 01:14:55,2019-05-14 05:19:45,138,134.0
4,2019-05-14 05:19:45,2019-06-13 04:28:07,134,20.0
4,2019-06-13 04:28:07,2019-06-25 10:31:13,20,138.0
4,2019-06-25 10:31:13,2019-07-25 07:30:21,138,134.0
4,2019-07-25 07:30:21,2019-08-07 08:33:48,134,55.0
4,2019-08-07 08:33:48,2019-10-01 18:57:29,55,91.0
4,2019-10-01 18:57:29,2019-10-02 04:18:23,91,91.0
4,2019-10-02 04:18:23,2019-11-08 09:52:37,91,58.0
5,2019-02-02 16:30:00,2019-02-03 01:51:00,29,29.0
5,2019-02-03 01:51:00,2019-03-03 13:48:00,29,149.0
5,2019-03-03 13:48:00,2019-03-03 22:52:00,149,149.0
5,2019-03-03 22:52:00,2019-07-27 16:31:01,149,97.0
6,2019-01-09 07:16:00,2019-02-13 13:59:00,7,54.0
6,2019-02-13 13:59:00,2019-02-14 19:59:00,54,54.0
6,2019-02-14 19:59:00,2019-02-16 11:55:00,54,54.0
6,2019-02-16 11:55:00,2019-03-15 15:53:00,54,32.0
7,2019-01-05 19:56:00,2019-02-16 22:27:00,10,83.0
7,2019-02-16 22:27:00,2019-02-17 03:59:00,83,83.0
7,2019-02-17 03:59:00,2019-02-23 13:59:00,83,138.0
7,2019-02-23 13:59:00,2019-02-24 10:59:00,138,138.0
7,2019-02-24 10:59:00,2019-03-09 00:59:00,138,10.0
7,2019-03-09 00:59:00,2019-03-09 07:59:00,10,10.0
7,2019-03-09 07:59:00,2019-07-21 14:40:03,10,10.0
7,2019-07-21 14:40:03,2019-11-26 18:57:24,10,120.0
8,2019-01-24 04:58:00,2019-01-26 07:58:00,10,10.0
8,2019-01-26 07:58:00,2019-02-07 12:56:00,10,93.0
8,2019-02-07 12:56:00,2019-02-15 07:44:00,93,138.0
8,2019-02-15 07:44:00,2019-02-16 13:53:00,138,138.0
8,2019-02-16 13:53:00,2019-03-07 16:15:00,138,82.0
8,2019-03-07 16:15:00,2019-09-12 03:10:05,82,57.0
9,2019-01-23 11:55:00,2019-07-25 00:33:40,51,10.0
10,2019-01-09 01:54:00,2019-01-13 01:58:00,16,16.0
10,2019-01-13 01:58:00,2019-01-14 12:57:00,16,16.0
10,2019-01-14 12:57:00,2019-02-05 01:58:00,16,10.0
10,2019-02-05 01:58:00,2019-02-15 19:38:00,10,140.0
10,2019-02-15 19:38:00,2019-02-16 07:56:00,140,140.0
10,2019-02-16 07:56:00,2019-03-29 15:59:00,140,38.0
10,2019-03-29 15:59:00,2019-10-17 08:44:01,38,44.0
11,2019-01-10 04:45:00,2019-02-14 19:46:00,139,138.0
11,2019-02-14 19:46:00,2019-04-15 01:17:44,138,138.0
11,2019-04-15 01:17:44,2019-05-11 05:33:40,138,23.0
11,2019-05-11 05:33:40,2019-06-29 08:48:57,23,83.0
11,2019-06-29 08:48:57,2019-07-07 10:29:08,83,138.0
11,2019-07-07 10:29:08,2019-07-13 07:46:02,138,83.0
11,2019-07-13 07:46:02,2019-07-17 05:54:49,83,138.0
11,2019-07-17 05:54:49,2019-07-17 13:30:44,138,138.0
11,2019-07-17 13:30:44,2019-08-22 13:29:50,138,38.0
11,2019-08-22 13:29:50,2019-10-14 07:31:10,38,20.0
11,2019-10-14 07:31:10,2019-10-27 16:29:54,20,138.0
11,2019-10-27 16:29:54,2019-11-29 02:30:33,138,38.0
11,2019-11-29 02:30:33,2019-11-29 11:30:26,38,38.0
12,2019-01-05 13:55:00,2019-01-20 07:58:00,65,104.0
12,2019-01-20 07:58:00,2019-01-20 22:43:00,104,104.0
12,2019-01-20 22:43:00,2019-02-02 04:32:00,104,65.0
12,2019-02-02 04:32:00,2019-06-25 10:33:10,65,65.0
13,2019-02-15 22:55:00,2019-03-25 10:06:00,27,134.0
13,2019-03-25 10:06:00,2019-03-25 21:37:00,134,134.0
13,2019-03-25 21:37:00,2019-05-05 15:09:19,134,72.0
13,2019-05-05 15:09:19,2019-05-20 04:30:48,72,104.0
13,2019-05-20 04:30:48,2019-05-20 08:48:56,104,104.0
13,2019-05-20 08:48:56,2019-05-20 17:44:55,104,104.0
13,2019-05-20 17:44:55,2019-06-02 14:53:24,104,29.0
13,2019-06-02 14:53:24,2019-06-30 14:41:44,29,13.0
13,2019-06-30 14:41:44,2019-07-27 14:51:28,13,13.0
13,2019-07-27 14:51:28,2019-07-28 13:15:42,13,13.0
13,2019-07-28 13:15:42,2019-08-10 04:29:40,13,104.0
13,2019-08-10 04:29:40,2019-08-25 18:43:31,104,13.0
13,2019-08-25 18:43:31,2019-10-02 11:50:34,13,138.0
13,2019-10-02 11:50:34,2019-11-13 08:28:24,138,32.0
13,2019-11-13 08:28:24,2019-11-13 18:56:32,32,32.0
14,2019-02-17 09:05:00,2019-02-25 07:50:00,72,115.0
14,2019-02-25 07:50:00,2019-03-01 10:50:00,115,115.0
14,2019-03-01 10:50:00,2019-03-09 10:11:00,115,115.0
14,2019-03-09 10:11:00,2019-03-29 09:57:00,115,54.0
15,2019-01-07 11:48:00,2019-01-08 01:44:00,56,56.0
15,2019-01-08 01:44:00,2019-01-20 16:57:00,56,10.0
15,2019-01-20 16:57:00,2019-02-08 04:49:00,10,134.0
15,2019-02-08 04:49:00,2019-02-20 10:43:00,134,55.0
15,2019-02-20 10:43:00,2019-03-18 17:38:00,55,111.0
15,2019-03-18 17:38:00,2019-08-25 04:17:40,111,91.0
15,2019-08-25 04:17:40,2019-09-16 05:16:25,91,126.0
16,2019-01-19 10:56:00,2019-02-19 04:59:00,136,46.0
16,2019-02-19 04:59:00,2019-03-27 06:46:00,46,115.0
16,2019-03-27 06:46:00,2019-08-29 18:05:26,115,55.0
17,2019-02-08 13:47:00,2019-03-09 01:51:00,11,84.0
17,2019-03-09 01:51:00,2019-03-12 19:06:00,84,37.0
17,2019-03-12 19:06:00,2019-03-19 21:31:00,37,27.0
17,2019-03-19 21:31:00,2019-09-27 20:24:56,27,7.0
17,2019-09-27 20:24:56,2019-09-28 09:54:56,7,7.0
18,2019-01-17 04:54:00,2019-01-31 07:45:00,70,32.0
18,2019-01-31 07:45:00,2019-04-09 04:20:22,32,149.0
18,2019-04-09 04:20:22,2019-04-10 01:03:58,149,149.0
18,2019-04-10 01:03:58,2019-05-14 08:53:50,149,138.0
18,2019-05-14 08:53:50,2019-05-28 01:30:15,138,138.0
18,2019-05-28 01:30:15,2019-06-19 01:29:06,138,134.0
18,2019-06-19 01:29:06,2019-06-19 04:26:05,134,134.0
18,2019-06-19 04:26:05,2019-07-14 13:16:34,134,10.0
18,2019-07-14 13:16:34,2019-07-15 01:29:02,10,10.0
18,2019-07-15 01:29:02,2019-07-15 11:04:36,10,10.0
18,2019-07-15 11:04:36,2019-08-10 14:46:50,10,10.0
18,2019-08-10 14:46:50,2019-08-26 05:38:06,10,44.0
18,2019-08-26 05:38:06,2019-09-30 08:50:01,44,165.0
18,2019-09-30 08:50:01,2019-09-30 14:43:59,165,165.0
18,2019-09-30 14:43:59,2019-10-01 08:44:01,165,165.0
18,2019-10-01 08:44:01,2019-10-02 01:28:04,165,165.0
18,2019-10-02 01:28:04,2019-10-02 15:10:03,165,165.0
18,2019-10-02 15:10:03,2019-10-02 17:32:01,165,165.0
18,2019-10-02 17:32:01,2019-10-03 12:09:05,165,165.0
18,2019-10-03 12:09:05,2019-10-05 08:06:07,165,165.0
18,2019-10-05 08:06:07,2019-11-12 08:30:39,165,58.0
18,2019-11-12 08:30:39,2019-11-12 11:27:35,58,58.0
18,2019-11-12 11:27:35,2019-11-12 14:27:37,58,58.0
18,2019-11-12 14:27:37,2019-11-25 18:56:58,58,100.0
19,2019-01-16 18:17:00,2019-02-05 16:46:00,147,35.0
19,2019-02-05 16:46:00,2019-03-19 23:32:00,35,23.0
19,2019-03-19 23:32:00,2019-04-09 18:42:32,23,147.0
19,2019-04-09 18:42:32,2019-04-09 21:49:26,147,147.0
19,2019-04-09 21:49:26,2019-05-01 02:51:59,147,45.0
19,2019-05-01 02:51:59,2019-06-14 01:15:35,45,114.0
19,2019-06-14 01:15:35,2019-07-31 01:35:49,114,35.0
19,2019-07-31 01:35:49,2019-08-17 14:41:51,35,147.0
19,2019-08-17 14:41:51,2019-09-10 17:50:20,147,23.0
19,2019-09-10 17:50:20,2019-10-21 23:42:35,23,136.0
19,2019-10-21 23:42:35,2019-11-26 05:21:57,136,56.0
20,2019-01-14 12:53:00,2019-01-29 16:55:00,91,56.0
20,2019-01-29 16:55:00,2019-02-20 07:46:00,56,115.0
20,2019-02-20 07:46:00,2019-08-28 05:49:52,115,115.0
21,2019-01-03 17:42:00,2019-03-15 03:57:00,23,138.0
21,2019-03-15 03:57:00,2019-03-27 14:59:00,138,46.0
22,2019-03-07 01:53:00,2019-03-13 02:42:00,72,72.0
22,2019-03-13 02:42:00,2019-03-29 05:00:00,72,72.0
22,2019-03-29 05:00:00,2019-03-29 13:03:42,72,72.0
22,2019-03-29 13:03:42,2019-04-01 03:22:39,72,72.0
22,2019-04-01 03:22:39,2019-04-03 02:44:49,72,72.0
22,2019-04-03 02:44:49,2019-04-05 07:24:42,72,72.0
22,2019-04-05 07:24:42,2019-04-06 00:42:40,72,72.0
22,2019-04-06 00:42:40,2019-04-06 12:35:49,72,72.0
22,2019-04-06 12:35:49,2019-04-20 08:33:44,72,72.0
22,2019-04-20 08:33:44,2019-04-20 13:20:42,72,72.0
22,2019-04-20 13:20:42,2019-04-20 18:56:51,72,72.0
22,2019-04-20 18:56:51,2019-04-23 07:13:41,72,72.0
22,2019-04-23 07:13:41,2019-04-26 02:55:48,72,72.0
22,2019-04-26 02:55:48,2019-04-26 14:46:10,72,72.0
22,2019-04-26 14:46:10,2019-04-28 08:27:12,72,72.0
22,2019-04-28 08:27:12,2019-06-01 20:46:50,72,10.0
22,2019-06-01 20:46:50,2019-06-07 07:30:43,10,19.0
22,2019-06-07 07:30:43,2019-06-10 07:33:00,19,10.0
22,2019-06-10 07:33:00,2019-06-10 11:08:50,10,10.0
22,2019-06-10 11:08:50,2019-06-12 16:04:11,10,10.0
22,2019-06-12 16:04:11,2019-06-25 10:31:59,10,96.0
22,2019-06-25 10:31:59,2019-06-26 01:28:02,96,96.0
22,2019-06-26 01:28:02,2019-06-26 04:32:02,96,96.0
22,2019-06-26 04:32:02,2019-07-20 08:54:01,96,10.0
22,2019-07-20 08:54:01,2019-08-02 11:49:09,10,96.0
22,2019-08-02 11:49:09,2019-08-25 05:37:22,96,160.0
22,2019-08-25 05:37:22,2019-08-25 08:47:18,160,160.0
22,2019-08-25 08:47:18,2019-08-25 17:42:16,160,160.0
22,2019-08-25 17:42:16,2019-12-03 12:52:47,160,100.0
22,2019-12-03 12:52:47,2019-12-04 05:30:02,100,100.0
23,2019-01-12 05:34:00,2019-02-01 09:37:00,7,156.0
23,2019-02-01 09:37:00,2019-02-01 18:49:00,156,156.0
23,2019-02-01 18:49:00,2019-02-24 03:57:00,156,111.0
23,2019-02-24 03:57:00,2019-04-16 13:31:11,111,140.0
23,2019-04-16 13:31:11,2019-04-16 22:23:12,140,140.0
23,2019-04-16 22:23:12,2019-06-20 17:42:58,140,10.0
23,2019-06-20 17:42:58,2019-07-02 04:32:27,10,10.0
23,2019-07-02 04:32:27,2019-10-05 08:05:25,10,10.0
23,2019-10-05 08:05:25,2019-11-04 20:12:14,10,7.0
23,2019-11-04 20:12:14,2019-11-15 03:47:04,7,99.0
23,2019-11-15 03:47:04,2019-11-15 06:50:05,99,99.0
23,2019-11-15 06:50:05,2019-11-15 11:32:02,99,99.0
23,2019-11-15 11:32:02,2019-11-24 08:31:09,99,154.0
23,2019-11-24 08:31:09,2019-11-24 15:52:56,154,154.0
23,2019-11-24 15:52:56,2019-11-24 18:59:09,154,154.0
23,2019-11-24 18:59:09,2019-12-09 18:56:17,154,59.0
24,2019-02-20 01:22:00,2019-03-27 16:22:00,23,160.0
24,2019-03-27 16:22:00,2019-12-09 18:27:26,160,136.0
25,2019-01-01 11:49:00,2019-01-04 10:53:00,104,104.0
25,2019-01-04 10:53:00,2019-01-04 18:56:00,104,104.0
25,2019-01-04 18:56:00,2019-01-19 07:54:00,104,149.0
25,2019-01-19 07:54:00,2019-01-19 18:57:00,149,149.0
25,2019-01-19 18:57:00,2019-02-10 08:39:00,149,156.0
25,2019-02-10 08:39:00,2019-02-21 18:54:00,156,14.0
25,2019-02-21 18:54:00,2019-06-17 13:31:01,14,10.0
25,2019-06-17 13:31:01,2019-06-26 10:20:20,10,10.0
25,2019-06-26 10:20:20,2019-07-18 10:31:07,10,27.0
25,2019-07-18 10:31:07,2019-07-19 10:31:56,27,27.0
25,2019-07-19 10:31:56,2019-09-18 21:55:33,27,23.0
25,2019-09-18 21:55:33,2019-10-18 14:44:22,23,10.0
25,2019-10-18 14:44:22,2019-11-05 18:59:16,10,96.0
25,2019-11-05 18:59:16,2019-11-06 06:49:17,96,96.0
25,2019-11-06 06:49:17,2019-11-18 14:34:35,96,10.0
25,2019-11-18 14:34:35,2019-11-19 02:30:39,10,10.0
25,2019-11-19 02:30:39,2019-12-04 18:59:35,10,33.0
26,2019-05-24 10:07:28,2019-09-09 10:25:48,23,147.0
26,2019-09-09 10:25:48,2019-10-03 23:50:47,147,80.0
27,2019-01-29 07:54:00,2019-02-01 06:56:00,7,13.0
27,2019-02-01 06:56:00,2019-03-01 13:56:00,13,139.0
27,2019-03-01 13:56:00,2019-07-27 16:29:25,139,138.0
28,2019-01-23 19:59:00,2019-08-19 02:29:30,44,91.0
29,2019-01-07 10:09:00,2019-03-06 02:15:00,147,23.0
29,2019-03-06 02:15:00,2019-09-17 18:53:33,23,147.0
30,2019-01-27 03:22:00,2019-03-10 09:53:00,91,138.0
30,2019-03-10 09:53:00,2019-03-16 21:55:00,138,138.0
31,2019-01-21 22:56:00,2019-02-17 19:56:00,82,93.0
31,2019-02-17 19:56:00,2019-02-18 10:56:00,93,93.0
31,2019-02-18 10:56:00,2019-02-26 19:52:00,93,138.0
31,2019-02-26 19:52:00,2019-03-01 16:41:00,138,83.0
31,2019-03-01 16:41:00,2019-06-11 14:55:17,83,32.0
32,2019-02-28 04:56:00,2019-06-25 10:31:25,87,91.0
33,2019-01-22 10:58:00,2019-11-23 18:56:34,154,152.0
34,2019-01-06 10:50:00,2019-03-02 13:54:00,82,35.0
35,2019-01-10 00:57:00,2019-03-07 13:58:00,160,138.0
35,2019-03-07 13:58:00,2019-11-17 18:58:15,138,160.0
36,2019-01-07 19:17:00,2019-01-10 04:57:00,10,10.0
36,2019-01-10 04:57:00,2019-02-05 19:45:00,10,96.0
36,2019-02-05 19:45:00,2019-02-19 16:54:00,96,10.0
36,2019-02-19 16:54:00,2019-02-28 16:55:00,10,140.0
36,2019-02-28 16:55:00,2019-04-02 18:58:14,140,96.0
36,2019-04-02 18:58:14,2019-05-28 14:43:02,96,97.0
36,2019-05-28 14:43:02,2019-05-29 01:31:09,97,97.0
36,2019-05-29 01:31:09,2019-05-29 07:30:20,97,97.0
36,2019-05-29 07:30:20,2019-07-11 16:30:10,97,121.0
36,2019-07-11 16:30:10,2019-07-21 05:51:21,121,99.0
36,2019-07-21 05:51:21,2019-07-21 08:42:12,99,99.0
36,2019-07-21 08:42:12,2019-08-01 08:50:55,99,30.0
36,2019-08-01 08:50:55,2019-08-01 18:59:56,30,30.0
36,2019-08-01 18:59:56,2019-08-27 12:05:06,30,99.0
36,2019-08-27 12:05:06,2019-08-27 13:38:06,99,99.0
36,2019-08-27 13:38:06,2019-08-27 14:55:05,99,99.0
36,2019-08-27 14:55:05,2019-09-27 07:26:55,99,111.0
36,2019-09-27 07:26:55,2019-11-13 14:32:08,111,76.0
36,2019-11-13 14:32:08,2019-11-14 01:50:09,76,76.0
36,2019-11-14 01:50:09,2019-11-28 18:55:30,76,104.0
36,2019-11-28 18:55:30,2019-11-29 15:49:28,104,104.0
36,2019-11-29 15:49:28,2019-11-29 18:58:24,104,104.0
36,2019-11-29 18:58:24,2019-12-13 05:09:21,104,13.0
37,2019-02-27 04:59:00,2019-06-13 10:30:43,121,115.0
38,2019-01-04 13:37:00,2019-01-05 04:55:00,82,82.0
38,2019-01-05 04:55:00,2019-01-14 04:59:00,82,36.0
38,2019-01-14 04:59:00,2019-01-16 07:26:00,36,36.0
38,2019-01-16 07:26:00,2019-01-16 11:20:00,36,36.0
38,2019-01-16 11:20:00,2019-01-30 22:57:00,36,53.0
38,2019-01-30 22:57:00,2019-02-03 16:53:00,53,140.0
38,2019-02-03 16:53:00,2019-02-22 07:50:00,140,138.0
38,2019-02-22 07:50:00,2019-02-23 16:53:00,138,138.0
38,2019-02-23 16:53:00,2019-03-25 00:57:00,138,53.0
38,2019-03-25 00:57:00,2019-06-22 07:19:08,53,51.0
38,2019-06-22 07:19:08,2019-06-26 17:38:49,51,34.0
38,2019-06-26 17:38:49,2019-10-01 17:01:46,34,115.0
38,2019-10-01 17:01:46,2019-10-05 08:04:25,115,115.0
38,2019-10-05 08:04:25,2019-10-16 00:47:40,115,115.0
38,2019-10-16 00:47:40,2019-11-17 18:58:26,115,100.0
39,2019-01-01 22:57:00,2019-02-22 22:33:00,57,91.0
39,2019-02-22 22:33:00,2019-02-23 10:19:00,91,91.0
39,2019-02-23 10:19:00,2019-12-08 18:57:21,91,160.0
39,2019-12-08 18:57:21,2019-12-09 18:57:23,160,160.0
40,2019-02-13 13:48:00,2019-08-16 17:11:20,20,10.0
40,2019-08-16 17:11:20,2019-12-05 18:57:28,10,99.0
41,2019-02-10 02:34:00,2019-02-27 07:03:00,34,72.0
41,2019-02-27 07:03:00,2019-02-27 16:01:00,72,72.0
42,2019-02-25 22:58:00,2019-02-26 04:58:00,80,80.0
42,2019-02-26 04:58:00,2019-03-19 15:36:00,80,10.0
42,2019-03-19 15:36:00,2019-03-24 00:57:00,10,10.0
42,2019-03-24 00:57:00,2019-08-20 17:09:00,10,10.0
42,2019-08-20 17:09:00,2019-11-25 12:38:17,10,54.0
42,2019-11-25 12:38:17,2019-11-28 11:05:32,54,54.0
43,2019-01-23 16:47:00,2019-03-25 18:55:00,51,51.0
44,2019-02-08 15:39:00,2019-02-26 16:56:00,72,104.0
44,2019-02-26 16:56:00,2019-05-29 19:02:50,104,54.0
45,2019-01-24 13:43:00,2019-02-21 07:55:00,58,70.0
46,2019-01-21 07:58:00,2019-01-21 13:52:00,30,30.0
46,2019-01-21 13:52:00,2019-02-16 16:58:00,30,92.0
46,2019-02-16 16:58:00,2019-02-25 03:42:00,92,30.0
46,2019-02-25 03:42:00,2019-09-12 06:39:50,30,165.0
47,2019-01-16 11:49:00,2019-01-17 04:52:00,15,15.0
47,2019-01-17 04:52:00,2019-03-15 00:55:00,15,136.0
47,2019-03-15 00:55:00,2019-04-13 16:09:02,136,46.0
47,2019-04-13 16:09:02,2019-06-25 10:31:34,46,126.0
47,2019-06-25 10:31:34,2019-08-10 11:34:06,126,120.0
47,2019-08-10 11:34:06,2019-11-17 18:57:36,120,19.0
48,2019-01-18 22:54:00,2019-02-23 16:59:00,98,54.0
48,2019-02-23 16:59:00,2019-03-12 21:44:00,54,115.0
48,2019-03-12 21:44:00,2019-03-18 18:53:00,115,115.0
49,2019-01-06 16:48:00,2019-01-07 01:48:00,88,88.0
49,2019-01-07 01:48:00,2019-03-04 22:46:00,88,138.0
50,2019-02-03 09:02:00,2019-03-07 04:59:00,72,72.0
50,2019-03-07 04:59:00,2019-03-18 07:59:00,72,72.0
50,2019-03-18 07:59:00,2019-03-22 02:40:00,72,72.0
50,2019-03-22 02:40:00,2019-11-28 01:22:22,72,115.0
51,2019-07-29 00:26:53,2019-09-14 05:53:21,72,115.0
51,2019-09-14 05:53:21,2019-09-16 05:17:40,115,115.0
51,2019-09-16 05:17:40,2019-10-22 12:56:19,115,57.0
53,2019-02-19 01:43:00,2019-03-23 21:49:00,13,13.0
53,2019-03-23 21:49:00,2019-07-02 14:37:47,13,149.0
53,2019-07-02 14:37:47,2019-07-18 05:41:53,149,115.0
53,2019-07-18 05:41:53,2019-09-12 06:42:56,115,138.0
53,2019-09-12 06:42:56,2019-11-23 18:57:21,138,165.0
53,2019-11-23 18:57:21,2019-12-11 18:57:01,165,33.0
54,2019-01-06 16:56:00,2019-01-16 07:49:00,92,149.0
54,2019-01-16 07:49:00,2019-08-27 14:54:52,149,115.0
55,2019-02-21 04:58:00,2019-03-05 22:38:00,10,96.0
55,2019-03-05 22:38:00,2019-05-18 09:44:10,96,140.0
55,2019-05-18 09:44:10,2019-05-25 09:06:17,140,31.0
56,2019-01-16 21:57:00,2019-02-03 01:58:00,83,19.0
56,2019-02-03 01:58:00,2019-02-20 04:56:00,19,136.0
56,2019-02-20 04:56:00,2019-03-09 07:57:00,136,10.0
56,2019-03-09 07:57:00,2019-03-22 09:57:00,10,20.0
56,2019-03-22 09:57:00,2019-07-03 17:51:52,20,10.0
56,2019-07-03 17:51:52,2019-07-19 14:43:47,10,31.0
56,2019-07-19 14:43:47,2019-07-20 00:19:48,31,31.0
56,2019-07-20 00:19:48,2019-08-09 04:30:12,31,93.0
56,2019-08-09 04:30:12,2019-08-09 08:54:11,93,93.0
56,2019-08-09 08:54:11,2019-10-18 02:49:36,93,24.0
56,2019-10-18 02:49:36,2019-11-15 06:56:09,24,105.0
56,2019-11-15 06:56:09,2019-11-19 02:27:02,105,10.0
56,2019-11-19 02:27:02,2019-11-19 09:48:03,10,10.0
57,2019-02-02 09:03:00,2019-02-06 04:59:00,34,72.0
57,2019-02-06 04:59:00,2019-04-18 16:31:11,72,97.0
57,2019-04-18 16:31:11,2019-04-18 22:16:12,97,97.0
57,2019-04-18 22:16:12,2019-04-21 07:30:01,97,97.0
57,2019-04-21 07:30:01,2019-05-29 08:52:51,97,30.0
57,2019-05-29 08:52:51,2019-05-29 13:31:55,30,30.0
57,2019-05-29 13:31:55,2019-05-30 02:49:59,30,30.0
57,2019-05-30 02:49:59,2019-07-01 01:24:55,30,111.0
57,2019-07-01 01:24:55,2019-07-01 05:51:45,111,111.0
57,2019-07-01 05:51:45,2019-07-14 14:44:16,111,156.0
57,2019-07-14 14:44:16,2019-07-14 23:56:04,156,156.0
57,2019-07-14 23:56:04,2019-07-26 04:29:39,156,30.0
57,2019-07-26 04:29:39,2019-07-26 10:31:22,30,30.0
57,2019-07-26 10:31:22,2019-07-26 13:31:27,30,30.0
57,2019-07-26 13:31:27,2019-07-26 18:47:35,30,30.0
57,2019-07-26 18:47:35,2019-09-05 04:28:31,30,22.0
57,2019-09-05 04:28:31,2019-09-05 10:40:30,22,22.0
57,2019-09-05 10:40:30,2019-09-05 16:31:15,22,22.0
57,2019-09-05 16:31:15,2019-09-17 17:48:11,22,32.0
57,2019-09-17 17:48:11,2019-09-18 09:27:06,32,32.0
57,2019-09-18 09:27:06,2019-09-18 13:50:54,32,32.0
57,2019-09-18 13:50:54,2019-09-19 00:02:55,32,32.0
57,2019-09-19 00:02:55,2019-09-19 05:50:57,32,32.0
57,2019-09-19 05:50:57,2019-09-25 07:31:50,32,115.0
57,2019-09-25 07:31:50,2019-09-26 13:44:47,115,115.0
57,2019-09-26 13:44:47,2019-11-06 17:57:43,115,35.0
57,2019-11-06 17:57:43,2019-12-12 18:55:48,35,138.0
57,2019-12-12 18:55:48,2019-12-13 09:44:12,138,138.0
58,2019-02-04 07:55:00,2019-02-23 04:41:00,138,138.0
58,2019-02-23 04:41:00,2019-11-16 18:58:38,138,138.0
60,2019-04-09 04:17:56,2019-05-23 06:13:29,101,10.0
61,2019-02-03 19:50:00,2019-08-25 19:00:09,13,104.0
61,2019-08-25 19:00:09,2019-09-16 05:16:27,104,7.0
62,2019-01-14 15:55:00,2019-01-14 21:52:00,80,80.0
62,2019-01-14 21:52:00,2019-01-27 19:59:00,80,154.0
62,2019-01-27 19:59:00,2019-02-20 01:57:00,154,54.0
62,2019-02-20 01:57:00,2019-03-15 18:42:00,54,7.0
62,2019-03-15 18:42:00,2019-03-25 09:59:00,7,54.0
62,2019-03-25 09:59:00,2019-09-16 05:17:26,54,33.0
63,2019-01-09 21:59:00,2019-01-19 18:35:00,111,104.0
63,2019-01-19 18:35:00,2019-02-23 09:16:00,104,156.0
64,2019-03-20 07:02:00,2019-05-21 23:10:13,71,108.0
64,2019-05-21 23:10:13,2019-06-10 07:18:31,108,71.0
64,2019-06-10 07:18:31,2019-06-17 13:31:13,71,71.0
65,2019-01-01 06:57:00,2019-03-07 04:56:00,38,11.0
65,2019-03-07 04:56:00,2019-03-27 15:14:00,11,54.0
67,2019-02-03 13:53:00,2019-03-05 07:42:00,70,115.0
67,2019-03-05 07:42:00,2019-03-20 18:57:00,115,104.0
67,2019-03-20 18:57:00,2019-10-05 08:03:08,104,115.0
67,2019-10-05 08:03:08,2019-11-21 18:51:55,115,32.0
68,2019-01-21 10:55:00,2019-01-21 22:55:00,168,168.0
68,2019-01-21 22:55:00,2019-02-27 22:45:00,168,149.0
68,2019-02-27 22:45:00,2019-03-14 18:49:00,149,104.0
68,2019-03-14 18:49:00,2019-07-25 11:52:16,104,54.0
68,2019-07-25 11:52:16,2019-08-08 11:56:30,54,104.0
68,2019-08-08 11:56:30,2019-08-22 17:52:59,104,54.0
68,2019-08-22 17:52:59,2019-10-30 08:44:32,54,54.0
69,2019-01-05 13:50:00,2019-12-12 12:46:08,14,104.0
70,2019-02-19 15:46:00,2019-11-26 18:57:03,14,104.0
71,2019-04-29 10:31:44,2019-11-19 18:49:18,72,70.0
73,2019-03-11 03:56:00,2019-03-23 06:46:00,100,76.0
73,2019-03-23 06:46:00,2019-05-04 03:07:30,76,156.0
73,2019-05-04 03:07:30,2019-05-04 16:01:32,156,156.0
73,2019-05-04 16:01:32,2019-09-06 13:30:42,156,100.0
73,2019-09-06 13:30:42,2019-09-06 16:30:33,100,100.0
73,2019-09-06 16:30:33,2019-12-16 03:50:20,100,138.0
74,2019-01-13 19:43:00,2019-02-14 12:04:00,138,55.0
76,2019-01-09 13:57:00,2019-01-10 04:57:00,13,13.0
76,2019-01-10 04:57:00,2019-02-07 07:35:00,13,115.0
76,2019-02-07 07:35:00,2019-02-20 08:22:00,115,73.0
76,2019-02-20 08:22:00,2019-03-04 22:51:00,73,98.0
76,2019-03-04 22:51:00,2019-03-05 10:48:00,98,98.0
76,2019-03-05 10:48:00,2019-03-12 12:58:00,98,92.0
76,2019-03-12 12:58:00,2019-10-04 19:01:01,92,115.0
76,2019-10-04 19:01:01,2019-11-22 18:57:10,115,100.0
76,2019-11-22 18:57:10,2019-11-24 18:56:59,100,100.0
79,2019-10-05 08:07:01,2019-10-12 09:59:21,100,177.0
79,2019-10-12 09:59:21,2019-12-05 21:39:00,177,58.0
81,2019-04-14 15:07:32,2019-04-20 04:27:10,32,115.0
81,2019-04-20 04:27:10,2019-04-20 18:59:58,115,115.0
81,2019-04-20 18:59:58,2019-05-04 17:56:01,115,104.0
81,2019-05-04 17:56:01,2019-05-05 13:27:20,104,104.0
81,2019-05-05 13:27:20,2019-05-21 18:42:10,104,149.0
81,2019-05-21 18:42:10,2019-06-07 05:55:38,149,104.0
81,2019-06-07 05:55:38,2019-06-20 04:28:14,104,149.0
81,2019-06-20 04:28:14,2019-06-20 07:16:11,149,149.0
81,2019-06-20 07:16:11,2019-06-20 13:16:06,149,149.0
81,2019-06-20 13:16:06,2019-06-21 04:14:06,149,149.0
81,2019-06-21 04:14:06,2019-07-05 10:31:09,149,104.0
81,2019-07-05 10:31:09,2019-07-05 14:49:07,104,104.0
81,2019-07-05 14:49:07,2019-08-10 08:13:55,104,177.0
81,2019-08-10 08:13:55,2019-08-10 10:32:03,177,177.0
81,2019-08-10 10:32:03,2019-08-28 02:31:27,177,58.0
81,2019-08-28 02:31:27,2019-08-28 03:51:15,58,58.0
81,2019-08-28 03:51:15,2019-08-28 05:49:15,58,58.0
81,2019-08-28 05:49:15,2019-08-28 14:45:05,58,58.0
81,2019-08-28 14:45:05,2019-09-15 04:59:39,58,32.0
81,2019-09-15 04:59:39,2019-09-21 02:49:54,32,115.0
81,2019-09-21 02:49:54,2019-09-21 10:28:47,115,115.0
81,2019-09-21 10:28:47,2019-09-21 18:57:58,115,115.0
81,2019-09-21 18:57:58,2019-11-18 08:32:49,115,19.0
81,2019-11-18 08:32:49,2019-11-21 18:58:20,19,10.0
81,2019-11-21 18:58:20,2019-11-22 02:31:14,10,10.0
81,2019-11-22 02:31:14,2019-11-22 18:54:10,10,10.0
81,2019-11-22 18:54:10,2019-11-26 18:57:49,10,105.0
82,2019-01-07 07:23:00,2019-02-13 10:50:00,99,99.0
82,2019-02-13 10:50:00,2019-07-24 09:20:08,99,37.0
82,2019-07-24 09:20:08,2019-08-04 18:49:02,37,80.0
83,2019-01-05 07:40:00,2019-01-16 07:57:00,51,100.0
83,2019-01-16 07:57:00,2019-02-19 01:48:00,100,100.0
83,2019-02-19 01:48:00,2019-02-19 21:38:00,100,100.0
83,2019-02-19 21:38:00,2019-02-28 07:57:00,100,65.0
83,2019-02-28 07:57:00,2019-03-15 01:03:00,65,156.0
83,2019-03-15 01:03:00,2019-11-21 02:26:23,156,13.0
83,2019-11-21 02:26:23,2019-11-21 18:50:27,13,13.0
84,2019-01-14 10:53:00,2019-01-14 19:56:00,111,111.0
84,2019-01-14 19:56:00,2019-03-14 09:56:00,111,143.0
84,2019-03-14 09:56:00,2019-09-16 05:16:55,143,88.0
85,2019-08-23 03:06:19,2019-09-29 23:18:36,72,76.0
86,2019-01-01 13:53:00,2019-04-16 07:50:41,7,90.0
86,2019-04-16 07:50:41,2019-04-24 19:21:08,90,90.0
86,2019-04-24 19:21:08,2019-09-03 20:50:40,90,90.0
86,2019-09-03 20:50:40,2019-12-06 03:51:39,90,90.0
87,2019-01-25 04:54:00,2019-02-04 07:04:00,100,139.0
87,2019-02-04 07:04:00,2019-02-04 16:52:00,139,139.0
87,2019-02-04 16:52:00,2019-02-19 04:55:00,139,104.0
87,2019-02-19 04:55:00,2019-03-02 13:46:00,104,14.0
87,2019-03-02 13:46:00,2019-03-10 12:52:00,14,7.0
87,2019-03-10 12:52:00,2019-05-19 23:51:44,7,104.0
87,2019-05-19 23:51:44,2019-08-16 17:43:08,104,14.0
87,2019-08-16 17:43:08,2019-10-04 13:30:22,14,149.0
88,2019-08-10 14:57:04,2019-09-12 06:42:04,149,115.0
88,2019-09-12 06:42:04,2019-09-16 05:11:14,115,115.0
89,2019-06-25 10:32:43,2019-08-08 02:43:26,104,115.0
91,2019-01-01 08:55:00,2019-01-04 01:47:00,115,115.0
91,2019-01-04 01:47:00,2019-01-10 19:43:00,115,115.0
91,2019-01-10 19:43:00,2019-01-28 04:59:00,115,115.0
91,2019-01-28 04:59:00,2019-01-28 10:53:00,115,115.0
91,2019-01-28 10:53:00,2019-03-06 05:31:00,115,100.0
91,2019-03-06 05:31:00,2019-04-22 10:19:28,100,100.0
92,2019-02-01 07:58:00,2019-06-25 10:32:37,71,34.0
92,2019-06-25 10:32:37,2019-12-13 03:25:02,34,58.0
93,2019-01-26 22:56:00,2019-01-27 07:56:00,105,105.0
93,2019-01-27 07:56:00,2019-02-01 13:54:00,105,138.0
93,2019-02-01 13:54:00,2019-02-14 13:33:00,138,122.0
93,2019-02-14 13:33:00,2019-08-28 05:45:38,122,10.0
93,2019-08-28 05:45:38,2019-11-30 02:30:33,10,138.0
94,2019-01-01 20:58:00,2019-01-04 04:54:00,34,130.0
94,2019-01-04 04:54:00,2019-02-28 23:07:00,130,73.0
94,2019-02-28 23:07:00,2019-03-27 08:06:00,73,73.0
94,2019-03-27 08:06:00,2019-11-06 17:28:21,73,99.0
94,2019-11-06 17:28:21,2019-11-23 18:57:45,99,22.0
94,2019-11-23 18:57:45,2019-12-09 18:54:52,22,99.0
95,2019-01-21 19:47:00,2019-02-02 16:59:00,99,99.0
95,2019-02-02 16:59:00,2019-02-03 16:56:00,99,99.0
95,2019-02-03 16:56:00,2019-02-16 10:42:00,99,99.0
95,2019-02-16 10:42:00,2019-02-19 05:53:00,99,32.0
95,2019-02-19 05:53:00,2019-03-03 20:34:00,32,149.0
95,2019-03-03 20:34:00,2019-07-27 05:14:31,149,32.0
96,2019-01-20 07:25:00,2019-02-15 15:52:00,73,23.0
96,2019-02-15 15:52:00,2019-03-29 09:48:00,23,30.0
96,2019-03-29 09:48:00,2019-07-27 08:26:25,30,73.0
96,2019-07-27 08:26:25,2019-09-20 17:50:00,73,73.0
96,2019-09-20 17:50:00,2019-10-02 15:08:45,73,141.0
96,2019-10-02 15:08:45,2019-11-09 08:28:52,141,32.0
97,2019-01-19 10:57:00,2019-01-29 01:42:00,65,156.0
97,2019-01-29 01:42:00,2019-02-09 10:29:00,156,65.0
97,2019-02-09 10:29:00,2019-03-02 04:59:00,65,143.0
97,2019-03-02 04:59:00,2019-03-26 06:54:00,143,51.0
97,2019-03-26 06:54:00,2019-03-27 00:54:00,51,51.0
97,2019-03-27 00:54:00,2019-09-23 04:33:25,51,115.0
97,2019-09-23 04:33:25,2019-10-18 10:29:57,115,73.0
98,2019-01-19 04:57:00,2019-01-30 23:44:00,48,73.0
98,2019-01-30 23:44:00,2019-02-13 07:56:00,73,130.0
98,2019-02-13 07:56:00,2019-03-04 15:27:00,130,99.0
98,2019-03-04 15:27:00,2019-06-05 18:15:16,99,73.0
98,2019-06-05 18:15:16,2019-06-17 07:12:50,73,11.0
100,2019-01-12 10:50:00,2019-01-23 11:57:00,99,111.0
100,2019-01-23 11:57:00,2019-02-13 10:49:00,111,139.0
100,2019-02-13 10:49:00,2019-02-14 01:54:00,139,139.0
100,2019-02-14 01:54:00,2019-04-11 01:21:03,139,99.0
100,2019-04-11 01:21:03,2019-05-29 11:40:18,99,99.0
100,2019-05-29 11:40:18,2019-05-30 01:05:05,99,99.0
100,2019-05-30 01:05:05,2019-06-22 16:28:29,99,100.0
100,2019-06-22 16:28:29,2019-07-03 17:49:43,100,111.0
100,2019-07-03 17:49:43,2019-07-24 13:30:49,111,111.0
100,2019-07-24 13:30:49,2019-08-06 20:51:47,111,99.0
100,2019-08-06 20:51:47,2019-08-18 23:50:23,99,39.0
100,2019-08-18 23:50:23,2019-08-19 02:47:39,39,39.0
100,2019-08-19 02:47:39,2019-08-19 16:18:10,39,39.0
100,2019-08-19 16:18:10,2019-09-01 00:44:28,39,99.0
100,2019-09-01 00:44:28,2019-09-23 11:50:18,99,99.0
100,2019-09-23 11:50:18,2019-09-23 23:51:56,99,99.0
100,2019-09-23 23:51:56,2019-10-20 13:29:19,99,99.0
100,2019-10-20 13:29:19,2019-11-29 11:30:20,99,39.0
100,2019-11-29 11:30:20,2019-11-29 15:49:45,39,39.0
101,2019-01-06 09:42:00,2019-01-19 19:58:00,32,23.0
101,2019-01-19 19:58:00,2019-02-15 04:58:00,23,121.0
101,2019-02-15 04:58:00,2019-03-08 07:58:00,121,51.0
102,2019-03-02 13:13:00,2019-06-13 18:18:49,54,73.0
102,2019-06-13 18:18:49,2019-09-04 01:05:44,73,73.0
102,2019-09-04 01:05:44,2019-12-03 18:57:15,73,115.0
103,2019-01-16 11:52:00,2019-05-19 14:52:32,51,73.0
104,2019-01-11 10:52:00,2019-03-09 13:59:00,30,30.0
105,2019-01-01 04:57:00,2019-01-04 23:15:00,99,32.0
105,2019-01-04 23:15:00,2019-01-14 07:54:00,32,34.0
105,2019-01-14 07:54:00,2019-02-19 10:57:00,34,51.0
105,2019-02-19 10:57:00,2019-03-21 11:44:00,51,7.0
105,2019-03-21 11:44:00,2019-03-30 16:10:28,7,73.0
105,2019-03-30 16:10:28,2019-04-12 03:38:12,73,98.0
105,2019-04-12 03:38:12,2019-04-12 18:44:10,98,98.0
105,2019-04-12 18:44:10,2019-04-16 04:20:55,98,34.0
105,2019-04-16 04:20:55,2019-05-13 14:21:30,34,7.0
105,2019-05-13 14:21:30,2019-05-22 23:58:25,7,99.0
105,2019-05-22 23:58:25,2019-06-05 02:46:18,99,22.0
105,2019-06-05 02:46:18,2019-06-17 07:30:43,22,32.0
105,2019-06-17 07:30:43,2019-06-28 11:12:27,32,13.0
105,2019-06-28 11:12:27,2019-08-23 04:03:17,13,32.0
105,2019-08-23 04:03:17,2019-08-30 03:26:02,32,32.0
105,2019-08-30 03:26:02,2019-09-09 15:53:17,32,32.0
105,2019-09-09 15:53:17,2019-11-03 08:24:24,32,73.0
105,2019-11-03 08:24:24,2019-11-14 14:29:12,73,30.0
106,2019-01-19 09:44:00,2019-02-13 10:55:00,51,100.0
106,2019-02-13 10:55:00,2019-03-05 09:50:00,100,30.0
106,2019-03-05 09:50:00,2019-07-27 16:30:45,30,100.0
106,2019-07-27 16:30:45,2019-11-24 18:57:59,100,30.0
108,2019-01-01 11:37:00,2019-02-08 06:34:00,99,99.0
108,2019-02-08 06:34:00,2019-02-14 12:52:00,99,99.0
108,2019-02-14 12:52:00,2019-03-04 21:59:00,99,92.0
108,2019-03-04 21:59:00,2019-04-02 02:19:11,92,73.0
108,2019-04-02 02:19:11,2019-04-02 11:52:13,73,73.0
108,2019-04-02 11:52:13,2019-04-18 10:12:40,73,23.0
108,2019-04-18 10:12:40,2019-05-18 11:37:42,23,18.0
108,2019-05-18 11:37:42,2019-05-18 16:28:38,18,18.0
108,2019-05-18 16:28:38,2019-06-21 23:31:59,18,73.0
108,2019-06-21 23:31:59,2019-07-03 23:44:44,73,48.0
108,2019-07-03 23:44:44,2019-07-04 05:14:46,48,48.0
108,2019-07-04 05:14:46,2019-07-27 07:28:36,48,70.0
108,2019-07-27 07:28:36,2019-07-27 16:28:37,70,70.0
108,2019-07-27 16:28:37,2019-08-12 04:14:56,70,32.0
108,2019-08-12 04:14:56,2019-08-24 04:29:17,32,11.0
108,2019-08-24 04:29:17,2019-09-06 01:55:43,11,32.0
108,2019-09-06 01:55:43,2019-09-06 06:26:16,32,32.0
108,2019-09-06 06:26:16,2019-09-17 02:43:42,32,152.0
108,2019-09-17 02:43:42,2019-09-17 10:31:47,152,152.0
108,2019-09-17 10:31:47,2019-09-17 16:28:43,152,152.0
108,2019-09-17 16:28:43,2019-09-17 18:55:46,152,152.0
108,2019-09-17 18:55:46,2019-11-21 15:47:23,152,73.0
108,2019-11-21 15:47:23,2019-12-10 03:53:17,73,22.0
108,2019-12-10 03:53:17,2019-12-10 06:41:15,22,22.0
109,2019-05-18 10:28:23,2019-05-18 14:52:23,100,100.0
109,2019-05-18 14:52:23,2019-05-29 15:35:41,100,51.0
109,2019-05-29 15:35:41,2019-06-10 11:08:05,51,115.0
109,2019-06-10 11:08:05,2019-06-25 07:27:00,115,73.0
109,2019-06-25 07:27:00,2019-07-24 05:51:46,73,73.0
109,2019-07-24 05:51:46,2019-07-24 08:24:44,73,73.0
109,2019-07-24 08:24:44,2019-08-06 01:29:29,73,51.0
109,2019-08-06 01:29:29,2019-08-06 04:29:29,51,51.0
109,2019-08-06 04:29:29,2019-09-13 13:29:10,51,73.0
109,2019-09-13 13:29:10,2019-10-22 08:57:46,73,22.0
109,2019-10-22 08:57:46,2019-12-17 03:45:08,22,73.0
110,2019-01-02 12:58:00,2019-01-03 01:47:00,99,99.0
110,2019-01-03 01:47:00,2019-01-16 10:59:00,99,38.0
110,2019-01-16 10:59:00,2019-01-31 12:31:00,38,99.0
110,2019-01-31 12:31:00,2019-02-07 03:52:00,99,99.0
110,2019-02-07 03:52:00,2019-03-26 06:59:00,99,130.0
110,2019-03-26 06:59:00,2019-05-23 16:51:11,130,73.0
110,2019-05-23 16:51:11,2019-06-10 11:09:20,73,7.0
110,2019-06-10 11:09:20,2019-06-25 10:30:58,7,99.0
110,2019-06-25 10:30:58,2019-07-18 14:08:58,99,32.0
110,2019-07-18 14:08:58,2019-09-12 09:57:51,32,73.0
111,2019-01-12 16:42:00,2019-02-02 07:57:00,99,48.0
111,2019-02-02 07:57:00,2019-10-15 21:15:16,48,22.0
112,2019-01-01 17:57:00,2019-01-07 06:56:00,54,121.0
112,2019-01-07 06:56:00,2019-01-30 15:59:00,121,54.0
112,2019-01-30 15:59:00,2019-01-31 18:58:00,54,54.0
112,2019-01-31 18:58:00,2019-03-06 07:35:00,54,121.0
112,2019-03-06 07:35:00,2019-03-29 14:50:00,121,114.0
112,2019-03-29 14:50:00,2019-04-14 22:15:51,114,99.0
112,2019-04-14 22:15:51,2019-04-25 13:43:52,99,154.0
112,2019-04-25 13:43:52,2019-05-13 20:49:42,154,99.0
112,2019-05-13 20:49:42,2019-05-14 03:34:46,99,99.0
112,2019-05-14 03:34:46,2019-06-04 14:51:19,99,92.0
112,2019-06-04 14:51:19,2019-06-12 11:44:42,92,111.0
112,2019-06-12 11:44:42,2019-07-30 20:34:14,111,37.0
112,2019-07-30 20:34:14,2019-08-10 20:01:59,37,37.0
112,2019-08-10 20:01:59,2019-08-12 17:49:04,37,37.0
112,2019-08-12 17:49:04,2019-08-19 10:25:21,37,37.0
112,2019-08-19 10:25:21,2019-08-19 13:31:22,37,37.0
112,2019-08-19 13:31:22,2019-08-20 07:15:19,37,37.0
112,2019-08-20 07:15:19,2019-08-20 11:55:21,37,37.0
112,2019-08-20 11:55:21,2019-09-14 04:55:12,37,121.0
112,2019-09-14 04:55:12,2019-09-14 13:23:12,121,121.0
112,2019-09-14 13:23:12,2019-09-25 18:56:41,121,156.0
112,2019-09-25 18:56:41,2019-09-26 10:28:40,156,156.0
112,2019-09-26 10:28:40,2019-09-26 13:40:36,156,156.0
112,2019-09-26 13:40:36,2019-10-21 14:48:52,156,99.0
112,2019-10-21 14:48:52,2019-10-21 23:38:55,99,99.0
112,2019-10-21 23:38:55,2019-10-22 11:55:03,99,99.0
112,2019-10-22 11:55:03,2019-11-03 08:30:52,99,48.0
112,2019-11-03 08:30:52,2019-11-21 15:56:09,48,99.0
112,2019-11-21 15:56:09,2019-12-02 06:23:53,99,76.0
112,2019-12-02 06:23:53,2019-12-03 19:56:51,76,76.0
113,2019-01-11 13:03:00,2019-01-22 04:46:00,32,51.0
113,2019-01-22 04:46:00,2019-03-02 04:04:00,51,32.0
113,2019-03-02 04:04:00,2019-03-16 00:49:00,32,30.0
113,2019-03-16 00:49:00,2019-04-16 13:27:49,30,115.0
114,2019-01-29 07:57:00,2019-02-02 22:25:00,108,169.0
114,2019-02-02 22:25:00,2019-02-18 07:48:00,169,65.0
114,2019-02-18 07:48:00,2019-03-16 06:56:00,65,112.0
116,2019-01-01 02:59:00,2019-01-04 01:55:00,115,115.0
116,2019-01-04 01:55:00,2019-01-08 13:58:00,115,115.0
116,2019-01-08 13:58:00,2019-06-08 04:20:55,115,32.0
116,2019-06-08 04:20:55,2019-07-13 04:29:44,32,18.0
116,2019-07-13 04:29:44,2019-08-27 14:26:42,18,32.0
116,2019-08-27 14:26:42,2019-09-09 14:40:36,32,70.0
116,2019-09-09 14:40:36,2019-09-09 18:52:46,70,70.0
116,2019-09-09 18:52:46,2019-09-10 06:38:15,70,70.0
116,2019-09-10 06:38:15,2019-09-25 08:53:19,70,32.0
116,2019-09-25 08:53:19,2019-10-14 08:46:30,32,70.0
116,2019-10-14 08:46:30,2019-11-04 14:31:01,70,32.0
116,2019-11-04 14:31:01,2019-11-25 08:24:47,32,149.0
116,2019-11-25 08:24:47,2019-11-26 06:52:20,149,149.0
116,2019-11-26 06:52:20,2019-11-26 18:52:53,149,149.0
116,2019-11-26 18:52:53,2019-12-09 18:58:12,149,32.0
117,2019-01-25 22:56:00,2019-04-17 16:31:34,143,115.0
117,2019-04-17 16:31:34,2019-04-19 16:25:38,115,115.0
118,2019-01-03 07:58:00,2019-01-04 01:58:00,22,22.0
118,2019-01-04 01:58:00,2019-01-29 07:59:00,22,152.0
118,2019-01-29 07:59:00,2019-02-13 12:18:00,152,32.0
118,2019-02-13 12:18:00,2019-03-25 10:58:00,32,22.0
118,2019-03-25 10:58:00,2019-03-25 18:58:00,22,22.0
118,2019-03-25 18:58:00,2019-07-13 13:30:56,22,100.0
118,2019-07-13 13:30:56,2019-10-05 08:06:43,100,143.0
118,2019-10-05 08:06:43,2019-11-27 01:51:19,143,139.0
118,2019-11-27 01:51:19,2019-12-10 18:54:25,139,100.0
119,2019-02-18 10:58:00,2019-03-07 13:56:00,115,115.0
119,2019-03-07 13:56:00,2019-04-19 18:58:14,115,115.0
119,2019-04-19 18:58:14,2019-04-19 22:16:26,115,115.0
119,2019-04-19 22:16:26,2019-04-20 13:29:16,115,115.0
119,2019-04-20 13:29:16,2019-04-22 10:57:15,115,115.0
119,2019-04-22 10:57:15,2019-05-22 01:28:10,115,70.0
119,2019-05-22 01:28:10,2019-07-20 04:30:35,70,7.0
119,2019-07-20 04:30:35,2019-09-01 08:33:50,7,156.0
119,2019-09-01 08:33:50,2019-09-22 20:45:13,156,156.0
119,2019-09-22 20:45:13,2019-09-23 13:30:45,156,156.0
119,2019-09-23 13:30:45,2019-11-13 07:33:02,156,58.0
119,2019-11-13 07:33:02,2019-11-13 17:30:20,58,58.0
119,2019-11-13 17:30:20,2019-11-24 13:39:40,58,156.0
120,2019-01-10 13:48:00,2019-02-19 07:54:00,156,149.0
120,2019-02-19 07:54:00,2019-03-11 17:27:00,149,156.0
120,2019-03-11 17:27:00,2019-05-12 12:35:25,156,14.0
120,2019-05-12 12:35:25,2019-05-27 19:02:03,14,156.0
120,2019-05-27 19:02:03,2019-06-19 16:09:03,156,156.0
120,2019-06-19 16:09:03,2019-08-09 15:51:17,156,156.0
120,2019-08-09 15:51:17,2019-09-07 23:53:17,156,32.0
120,2019-09-07 23:53:17,2019-12-02 06:13:51,32,14.0
121,2019-01-10 07:55:00,2019-01-20 07:46:00,65,99.0
121,2019-01-20 07:46:00,2019-03-19 12:56:00,99,65.0
121,2019-03-19 12:56:00,2019-05-23 01:28:50,65,115.0
121,2019-05-23 01:28:50,2019-06-28 02:51:36,115,99.0
121,2019-06-28 02:51:36,2019-07-23 17:42:54,99,99.0
121,2019-07-23 17:42:54,2019-09-10 11:44:46,99,99.0
121,2019-09-10 11:44:46,2019-11-20 18:50:49,99,65.0
122,2019-01-10 07:51:00,2019-02-01 06:52:00,99,99.0
122,2019-02-01 06:52:00,2019-02-01 16:04:00,99,99.0
122,2019-02-01 16:04:00,2019-04-19 20:16:28,99,112.0
122,2019-04-19 20:16:28,2019-05-25 18:59:04,112,51.0
122,2019-05-25 18:59:04,2019-08-12 23:54:12,51,115.0
122,2019-08-12 23:54:12,2019-08-28 05:48:01,115,115.0
122,2019-08-28 05:48:01,2019-08-31 16:30:09,115,115.0
122,2019-08-31 16:30:09,2019-09-16 05:15:57,115,100.0
122,2019-09-16 05:15:57,2019-10-29 05:19:11,100,65.0
122,2019-10-29 05:19:11,2019-11-18 14:32:38,65,108.0
122,2019-11-18 14:32:38,2019-12-24 18:58:16,108,100.0
123,2019-01-11 10:23:00,2019-02-12 02:10:00,99,99.0
123,2019-02-12 02:10:00,2019-02-27 07:49:00,99,151.0
123,2019-02-27 07:49:00,2019-03-30 00:48:31,151,151.0
123,2019-03-30 00:48:31,2019-04-24 10:10:04,151,99.0
123,2019-04-24 10:10:04,2019-05-08 18:59:12,99,51.0
123,2019-05-08 18:59:12,2019-05-29 14:14:32,51,99.0
123,2019-05-29 14:14:32,2019-05-30 05:56:22,99,99.0
123,2019-05-30 05:56:22,2019-05-30 14:53:22,99,99.0
123,2019-05-30 14:53:22,2019-06-11 08:51:15,99,111.0
123,2019-06-11 08:51:15,2019-07-25 04:58:38,111,151.0
123,2019-07-25 04:58:38,2019-08-15 03:42:28,151,99.0
123,2019-08-15 03:42:28,2019-08-26 20:03:50,99,151.0
123,2019-08-26 20:03:50,2019-09-12 06:41:52,151,99.0
123,2019-09-12 06:41:52,2019-11-10 03:56:53,99,99.0
123,2019-11-10 03:56:53,2019-11-12 00:43:54,99,99.0
123,2019-11-12 00:43:54,2019-11-12 21:55:24,99,99.0
123,2019-11-12 21:55:24,2019-12-15 02:28:37,99,99.0
123,2019-12-15 02:28:37,2019-12-15 08:28:37,99,99.0
123,2019-12-15 08:28:37,2019-12-25 21:50:42,99,151.0
124,2019-07-27 22:32:12,2019-08-30 20:29:30,51,51.0
125,2019-01-15 19:58:00,2019-01-16 13:55:00,115,115.0
125,2019-01-16 13:55:00,2019-01-25 10:42:00,115,115.0
125,2019-01-25 10:42:00,2019-02-18 04:50:00,115,139.0
125,2019-02-18 04:50:00,2019-02-18 16:59:00,139,139.0
125,2019-02-18 16:59:00,2019-03-08 19:53:00,139,99.0
125,2019-03-08 19:53:00,2019-03-22 06:54:00,99,51.0
126,2019-01-31 10:59:00,2019-02-01 10:41:00,99,99.0
126,2019-02-01 10:41:00,2019-02-02 16:32:00,99,99.0
126,2019-02-02 16:32:00,2019-03-28 00:24:00,99,99.0
126,2019-03-28 00:24:00,2019-10-05 08:05:41,99,99.0
126,2019-10-05 08:05:41,2019-10-23 17:16:52,99,54.0
126,2019-10-23 17:16:52,2019-12-10 18:57:01,54,99.0
127,2019-03-27 05:47:00,2019-08-23 07:10:58,99,154.0
128,2019-01-23 13:41:00,2019-02-05 07:34:00,99,151.0
128,2019-02-05 07:34:00,2019-03-14 15:57:00,151,123.0
128,2019-03-14 15:57:00,2019-04-07 07:17:43,123,99.0
128,2019-04-07 07:17:43,2019-04-22 07:13:58,99,111.0
128,2019-04-22 07:13:58,2019-05-06 17:41:49,111,99.0
128,2019-05-06 17:41:49,2019-05-23 01:31:07,99,139.0
128,2019-05-23 01:31:07,2019-06-06 23:48:44,139,99.0
128,2019-06-06 23:48:44,2019-06-25 09:37:34,99,123.0
128,2019-06-25 09:37:34,2019-06-25 17:49:33,123,123.0
128,2019-06-25 17:49:33,2019-07-12 08:45:37,123,99.0
128,2019-07-12 08:45:37,2019-07-12 23:51:39,99,99.0
128,2019-07-12 23:51:39,2019-08-01 23:55:13,99,51.0
128,2019-08-01 23:55:13,2019-08-02 08:43:12,51,51.0
128,2019-08-02 08:43:12,2019-08-02 11:49:15,51,51.0
128,2019-08-02 11:49:15,2019-08-24 05:55:07,51,99.0
128,2019-08-24 05:55:07,2019-08-24 23:33:43,99,99.0
128,2019-08-24 23:33:43,2019-09-05 02:35:02,99,151.0
128,2019-09-05 02:35:02,2019-09-05 10:26:00,151,151.0
128,2019-09-05 10:26:00,2019-09-30 14:40:49,151,99.0
128,2019-09-30 14:40:49,2019-10-08 07:30:57,99,99.0
128,2019-10-08 07:30:57,2019-10-08 10:24:58,99,99.0
128,2019-10-08 10:24:58,2019-10-22 08:48:27,99,139.0
128,2019-10-22 08:48:27,2019-10-22 14:48:24,139,139.0
128,2019-10-22 14:48:24,2019-11-24 00:50:17,139,99.0
128,2019-11-24 00:50:17,2019-12-07 03:52:32,99,112.0
129,2019-03-15 09:53:00,2019-05-26 03:18:20,48,115.0
129,2019-05-26 03:18:20,2019-05-27 02:42:45,115,115.0
129,2019-05-27 02:42:45,2019-05-27 14:27:44,115,115.0
129,2019-05-27 14:27:44,2019-05-30 08:21:50,115,115.0
129,2019-05-30 08:21:50,2019-06-03 17:18:44,115,115.0
129,2019-06-03 17:18:44,2019-06-04 17:54:46,115,115.0
129,2019-06-04 17:54:46,2019-06-07 13:42:44,115,115.0
129,2019-06-07 13:42:44,2019-06-20 18:59:41,115,115.0
129,2019-06-20 18:59:41,2019-06-22 11:54:38,115,115.0
129,2019-06-22 11:54:38,2019-06-23 18:58:46,115,115.0
129,2019-06-23 18:58:46,2019-06-26 05:40:07,115,115.0
129,2019-06-26 05:40:07,2019-06-26 08:49:07,115,115.0
129,2019-06-26 08:49:07,2019-06-26 20:44:52,115,115.0
129,2019-06-26 20:44:52,2019-08-31 20:24:01,115,99.0
129,2019-08-31 20:24:01,2019-09-12 06:41:02,99,130.0
129,2019-09-12 06:41:02,2019-09-12 18:59:01,130,130.0
129,2019-09-12 18:59:01,2019-10-19 01:28:30,130,99.0
129,2019-10-19 01:28:30,2019-11-04 08:15:35,99,152.0
130,2019-01-01 06:45:00,2019-01-17 16:50:00,18,156.0
130,2019-01-17 16:50:00,2019-01-30 13:58:00,156,139.0
130,2019-01-30 13:58:00,2019-09-07 14:04:09,139,156.0
130,2019-09-07 14:04:09,2019-10-13 23:28:50,156,139.0
130,2019-10-13 23:28:50,2019-11-16 19:47:16,139,143.0
130,2019-11-16 19:47:16,2019-11-28 11:38:55,143,156.0
131,2019-01-06 05:11:00,2019-02-14 16:59:00,13,48.0
131,2019-02-14 16:59:00,2019-03-10 12:47:00,48,29.0
131,2019-03-10 12:47:00,2019-11-23 18:34:30,29,38.0
132,2019-05-15 02:46:51,2019-05-16 10:28:46,156,156.0
132,2019-05-16 10:28:46,2019-05-16 14:49:43,156,156.0
132,2019-05-16 14:49:43,2019-06-27 23:49:54,156,156.0
132,2019-06-27 23:49:54,2019-07-08 11:04:55,156,14.0
132,2019-07-08 11:04:55,2019-07-22 23:50:00,14,156.0
132,2019-07-22 23:50:00,2019-07-23 02:50:02,156,156.0
132,2019-07-23 02:50:02,2019-07-23 05:38:01,156,156.0
132,2019-07-23 05:38:01,2019-08-03 10:31:21,156,7.0
132,2019-08-03 10:31:21,2019-08-19 23:31:07,7,156.0
132,2019-08-19 23:31:07,2019-08-31 13:30:11,156,7.0
132,2019-08-31 13:30:11,2019-09-13 14:25:15,7,156.0
132,2019-09-13 14:25:15,2019-09-26 05:45:20,156,70.0
132,2019-09-26 05:45:20,2019-11-16 18:59:00,70,30.0
133,2019-01-19 01:47:00,2019-01-31 10:46:00,100,51.0
133,2019-01-31 10:46:00,2019-08-10 08:44:05,51,65.0
135,2019-01-06 13:55:00,2019-03-25 15:44:00,65,115.0
135,2019-03-25 15:44:00,2019-03-28 00:56:00,115,115.0
135,2019-03-28 00:56:00,2019-03-28 12:51:00,115,115.0
135,2019-03-28 12:51:00,2019-04-08 22:26:46,115,115.0
135,2019-04-08 22:26:46,2019-04-10 18:59:51,115,115.0
135,2019-04-10 18:59:51,2019-04-10 22:18:38,115,115.0
135,2019-04-10 22:18:38,2019-05-19 18:59:19,115,51.0
135,2019-05-19 18:59:19,2019-06-26 10:40:17,51,65.0
135,2019-06-26 10:40:17,2019-07-12 07:31:52,65,100.0
135,2019-07-12 07:31:52,2019-07-12 13:31:53,100,100.0
135,2019-07-12 13:31:53,2019-08-17 14:41:13,100,65.0
135,2019-08-17 14:41:13,2019-09-07 04:25:20,65,30.0
135,2019-09-07 04:25:20,2019-09-22 08:47:02,30,100.0
135,2019-09-22 08:47:02,2019-10-23 04:30:55,100,51.0
135,2019-10-23 04:30:55,2019-12-09 06:33:42,51,7.0
136,2019-01-21 07:56:00,2019-02-24 04:08:00,51,30.0
136,2019-02-24 04:08:00,2019-02-24 11:44:00,30,30.0
136,2019-02-24 11:44:00,2019-03-20 00:01:00,30,63.0
136,2019-03-20 00:01:00,2019-10-05 08:06:30,63,100.0
137,2019-01-14 15:54:00,2019-01-25 13:59:00,115,121.0
137,2019-01-25 13:59:00,2019-02-21 05:35:00,121,11.0
137,2019-02-21 05:35:00,2019-09-13 05:42:33,11,90.0
137,2019-09-13 05:42:33,2019-10-05 20:47:48,90,90.0
137,2019-10-05 20:47:48,2019-10-14 01:29:52,90,152.0
137,2019-10-14 01:29:52,2019-10-25 23:57:18,152,100.0
137,2019-10-25 23:57:18,2019-10-26 14:54:05,100,100.0
137,2019-10-26 14:54:05,2019-11-25 02:31:17,100,51.0
137,2019-11-25 02:31:17,2019-11-25 09:46:16,51,51.0
137,2019-11-25 09:46:16,2019-11-25 12:46:15,51,51.0
139,2019-01-09 10:32:00,2019-01-19 20:50:00,69,173.0
139,2019-01-19 20:50:00,2019-06-10 20:18:13,173,173.0
139,2019-06-10 20:18:13,2019-07-29 20:12:45,173,173.0
140,2019-03-15 09:40:00,2019-06-27 22:22:06,34,11.0
140,2019-06-27 22:22:06,2019-11-17 18:58:40,11,139.0
141,2019-02-11 07:57:00,2019-02-19 10:17:00,38,157.0
141,2019-02-19 10:17:00,2019-02-28 07:57:00,157,152.0
141,2019-02-28 07:57:00,2019-06-04 04:57:43,152,115.0
141,2019-06-04 04:57:43,2019-06-06 04:30:42,115,115.0
141,2019-06-06 04:30:42,2019-06-28 20:44:23,115,152.0
141,2019-06-28 20:44:23,2019-08-07 17:46:30,152,130.0
143,2019-02-07 22:59:00,2019-03-04 19:58:00,130,22.0
143,2019-03-04 19:58:00,2019-03-16 21:58:00,22,92.0
143,2019-03-16 21:58:00,2019-06-27 23:56:40,92,22.0
143,2019-06-27 23:56:40,2019-09-23 23:28:42,22,139.0
144,2019-01-01 11:51:00,2019-10-19 02:55:16,92,92.0
144,2019-10-19 02:55:16,2019-11-14 04:16:28,92,92.0
144,2019-11-14 04:16:28,2019-11-19 02:10:21,92,173.0
144,2019-11-19 02:10:21,2019-12-15 03:52:25,173,92.0
144,2019-12-15 03:52:25,2019-12-18 21:35:10,92,173.0
145,2019-02-10 07:31:00,2019-03-02 15:13:00,69,154.0
145,2019-03-02 15:13:00,2019-03-03 18:56:00,154,154.0
145,2019-03-03 18:56:00,2019-07-20 21:32:12,154,29.0
146,2019-01-14 07:54:00,2019-01-30 06:35:00,152,13.0
146,2019-01-30 06:35:00,2019-02-13 10:53:00,13,34.0
146,2019-02-13 10:53:00,2019-03-02 10:59:00,34,51.0
147,2019-01-03 10:53:00,2019-01-19 13:52:00,88,51.0
147,2019-01-19 13:52:00,2019-02-05 04:55:00,51,22.0
147,2019-02-05 04:55:00,2019-02-05 10:58:00,22,22.0
147,2019-02-05 10:58:00,2019-02-19 10:50:00,22,65.0
147,2019-02-19 10:50:00,2019-03-12 06:50:00,65,38.0
148,2019-01-26 07:57:00,2019-01-26 21:58:00,139,139.0
148,2019-01-26 21:58:00,2019-02-11 18:55:00,139,65.0
148,2019-02-11 18:55:00,2019-02-12 07:55:00,65,65.0
148,2019-02-12 07:55:00,2019-03-13 06:45:00,65,54.0
148,2019-03-13 06:45:00,2019-07-26 19:57:45,54,21.0
148,2019-07-26 19:57:45,2019-08-13 07:30:31,21,21.0
148,2019-08-13 07:30:31,2019-12-11 18:54:45,21,141.0
149,2019-01-30 06:40:00,2019-02-15 13:59:00,30,114.0
149,2019-02-15 13:59:00,2019-03-29 12:53:36,114,101.0
149,2019-03-29 12:53:36,2019-04-02 07:20:36,101,35.0
149,2019-04-02 07:20:36,2019-04-09 04:19:29,35,114.0
149,2019-04-09 04:19:29,2019-04-21 22:17:31,114,114.0
149,2019-04-21 22:17:31,2019-07-27 16:30:25,114,114.0
149,2019-07-27 16:30:25,2019-08-05 02:49:01,114,101.0
149,2019-08-05 02:49:01,2019-08-05 17:41:21,101,101.0
149,2019-08-05 17:41:21,2019-08-28 02:42:58,101,101.0
149,2019-08-28 02:42:58,2019-08-28 04:49:36,101,101.0
149,2019-08-28 04:49:36,2019-10-18 16:27:39,101,101.0
149,2019-10-18 16:27:39,2019-10-19 05:37:05,101,101.0
150,2019-05-21 14:39:01,2019-06-05 08:55:46,59,34.0
150,2019-06-05 08:55:46,2019-06-05 13:31:45,34,34.0
150,2019-06-05 13:31:45,2019-07-08 23:37:22,34,59.0
150,2019-07-08 23:37:22,2019-08-30 20:14:08,59,98.0
150,2019-08-30 20:14:08,2019-12-04 05:28:33,98,154.0
150,2019-12-04 05:28:33,2019-12-15 17:30:25,154,59.0
150,2019-12-15 17:30:25,2019-12-16 00:42:25,59,59.0
150,2019-12-16 00:42:25,2019-12-16 05:24:27,59,59.0
151,2019-02-12 04:52:00,2019-11-16 18:59:10,7,65.0
152,2019-01-06 07:55:00,2019-01-27 04:36:00,30,101.0
152,2019-01-27 04:36:00,2019-03-22 06:54:00,101,51.0
152,2019-03-22 06:54:00,2019-06-07 05:47:19,51,101.0
152,2019-06-07 05:47:19,2019-09-02 13:29:04,101,30.0
152,2019-09-02 13:29:04,2019-09-29 23:54:08,30,114.0
152,2019-09-29 23:54:08,2019-11-29 18:54:06,114,114.0
152,2019-11-29 18:54:06,2019-12-14 09:04:43,114,101.0
153,2019-03-30 09:56:00,2019-04-29 16:30:19,38,58.0
153,2019-04-29 16:30:19,2019-10-09 07:09:50,58,115.0
154,2019-09-04 04:31:17,2019-09-04 19:25:20,115,115.0
155,2019-02-20 10:58:00,2019-07-01 05:20:46,51,146.0
157,2019-02-15 04:59:00,2019-03-27 15:59:00,150,150.0
157,2019-03-27 15:59:00,2019-05-30 20:48:32,150,90.0
157,2019-05-30 20:48:32,2019-06-28 10:42:31,90,90.0
157,2019-06-28 10:42:31,2019-07-28 05:39:28,90,90.0
157,2019-07-28 05:39:28,2019-09-21 17:55:31,90,90.0
157,2019-09-21 17:55:31,2019-12-05 18:48:43,90,13.0
158,2019-01-10 10:59:00,2019-01-25 13:59:00,112,22.0
158,2019-01-25 13:59:00,2019-01-25 22:59:00,22,22.0
158,2019-01-25 22:59:00,2019-02-28 07:55:00,22,108.0
158,2019-02-28 07:55:00,2019-03-13 13:02:00,108,58.0
158,2019-03-13 13:02:00,2019-03-27 09:52:00,58,58.0
158,2019-03-27 09:52:00,2019-06-05 13:29:45,58,108.0
159,2019-01-28 04:59:00,2019-02-27 10:55:00,162,146.0
159,2019-02-27 10:55:00,2019-03-24 04:14:00,146,115.0
159,2019-03-24 04:14:00,2019-09-16 05:16:41,115,51.0
160,2019-01-09 10:34:00,2019-01-25 13:49:00,13,13.0
160,2019-01-25 13:49:00,2019-10-13 07:30:30,13,115.0
161,2019-01-10 22:54:00,2019-01-11 07:54:00,95,95.0
161,2019-01-11 07:54:00,2019-01-25 05:34:00,95,91.0
161,2019-01-25 05:34:00,2019-01-25 15:55:00,91,91.0
161,2019-01-25 15:55:00,2019-02-09 13:20:00,91,82.0
161,2019-02-09 13:20:00,2019-03-24 15:50:00,82,10.0
161,2019-03-24 15:50:00,2019-09-06 13:13:09,10,10.0
162,2019-01-07 10:47:00,2019-01-19 13:47:00,48,121.0
162,2019-01-19 13:47:00,2019-02-22 16:56:00,121,152.0
162,2019-02-22 16:56:00,2019-09-06 06:50:17,152,76.0
163,2019-01-09 10:43:00,2019-01-28 07:57:00,51,38.0
163,2019-01-28 07:57:00,2019-03-26 06:55:00,38,22.0
163,2019-03-26 06:55:00,2019-08-23 05:50:21,22,152.0
163,2019-08-23 05:50:21,2019-09-13 03:27:13,152,76.0
163,2019-09-13 03:27:13,2019-10-01 05:43:26,76,76.0
163,2019-10-01 05:43:26,2019-10-02 14:52:53,76,76.0
164,2019-01-18 04:58:00,2019-02-02 07:59:00,139,38.0
164,2019-02-02 07:59:00,2019-03-06 04:54:00,38,22.0
166,2019-02-23 04:55:00,2019-03-24 03:40:00,136,138.0
166,2019-03-24 03:40:00,2019-11-16 08:47:12,138,46.0
166,2019-11-16 08:47:12,2019-12-03 18:57:01,46,46.0
167,2019-02-14 07:51:00,2019-02-14 19:57:00,38,38.0
167,2019-02-14 19:57:00,2019-11-22 18:57:45,38,19.0
168,2019-10-10 00:00:24,2019-11-01 05:56:30,36,36.0
170,2019-02-25 11:46:00,2019-05-12 18:04:09,98,169.0
171,2019-03-03 22:20:00,2019-03-07 18:51:00,169,169.0
171,2019-03-07 18:51:00,2019-09-06 18:11:59,169,141.0
171,2019-09-06 18:11:59,2019-09-25 21:21:59,141,22.0
171,2019-09-25 21:21:59,2019-10-19 04:55:23,22,169.0
171,2019-10-19 04:55:23,2019-10-20 15:04:29,169,169.0
172,2019-02-14 07:52:00,2019-02-24 10:59:00,51,48.0
172,2019-02-24 10:59:00,2019-07-19 18:49:26,48,40.0
172,2019-07-19 18:49:26,2019-08-27 06:34:56,40,169.0
172,2019-08-27 06:34:56,2019-11-16 23:44:59,169,48.0
172,2019-11-16 23:44:59,2019-12-14 05:10:42,48,169.0
175,2019-01-15 19:59:00,2019-01-28 13:59:00,64,27.0
175,2019-01-28 13:59:00,2019-03-21 11:46:00,27,102.0
175,2019-03-21 11:46:00,2019-06-15 07:57:13,102,64.0
175,2019-06-15 07:57:13,2019-06-25 15:54:16,64,102.0
175,2019-06-25 15:54:16,2019-08-10 16:30:21,102,64.0
175,2019-08-10 16:30:21,2019-08-28 05:48:08,64,64.0
175,2019-08-28 05:48:08,2019-10-09 11:45:06,64,27.0
175,2019-10-09 11:45:06,2019-11-18 14:32:42,27,64.0
176,2019-02-16 10:54:00,2019-03-27 12:59:00,16,117.0
176,2019-03-27 12:59:00,2019-03-27 21:55:00,117,117.0
176,2019-03-27 21:55:00,2019-06-20 04:30:36,117,64.0
176,2019-06-20 04:30:36,2019-06-26 10:35:11,64,20.0
176,2019-06-26 10:35:11,2019-12-02 21:48:41,20,136.0
176,2019-12-02 21:48:41,2019-12-03 12:52:40,136,136.0
